{"cameraMode":{"drawMode":0,"name":"Shaded","section":"Shading Mode"},"sceneLighting":true,"audioPlay":false,"sceneViewState":{"m_AlwaysRefresh":false,"showFog":true,"showSkybox":true,"showFlares":true,"showImageEffects":true,"showParticleSystems":true,"showVisualEffectGraphs":true,"m_FxEnabled":true},"in2DMode":false,"pivot":{"x":2.9729881286621095,"y":-3.7186012268066408,"z":1.8269696235656739},"rotation":{"x":0.2659803628921509,"y":0.7327959537506104,"z":-0.4174426198005676,"w":0.4669138491153717},"size":12.969244003295899,"orthographic":false}